{
  "text": " BYE!",
  "segments": [
    {
      "id": 0,
      "seek": 0,
      "start": 0.0,
      "end": 1.0,
      "text": " BYE!",
      "tokens": [
        50364,
        363,
        18881,
        0,
        50414
      ],
      "temperature": 0.8,
      "avg_logprob": -0.9484744071960449,
      "compression_ratio": 0.3333333333333333,
      "no_speech_prob": 0.4811933934688568
    }
  ],
  "language": "hi"
}